{"cameraMode":{"drawMode":0,"name":"Shaded","section":"Shading Mode"},"sceneLighting":true,"audioPlay":false,"sceneViewState":{"m_AlwaysRefresh":false,"showFog":true,"showSkybox":true,"showFlares":true,"showImageEffects":true,"showParticleSystems":true,"showVisualEffectGraphs":true,"m_FxEnabled":true},"in2DMode":false,"pivot":{"x":1.6726361513137818,"y":0.9656084775924683,"z":10.240777015686036},"rotation":{"x":-0.32621273398399355,"y":-0.06139707192778587,"z":0.021547190845012666,"w":-0.9431982636451721},"size":0.5283112525939941,"orthographic":false}