{"cameraMode":{"drawMode":0,"name":"Shaded","section":"Shading Mode"},"sceneLighting":true,"audioPlay":false,"sceneViewState":{"m_AlwaysRefresh":false,"showFog":true,"showSkybox":true,"showFlares":true,"showImageEffects":true,"showParticleSystems":true,"showVisualEffectGraphs":true,"m_FxEnabled":true},"in2DMode":false,"pivot":{"x":5.434987545013428,"y":1.6352977752685547,"z":10.588000297546387},"rotation":{"x":0.007117429748177528,"y":0.9924830198287964,"z":-0.06857974827289581,"w":0.10157356411218643},"size":3.389500141143799,"orthographic":false}