{"cameraMode":{"drawMode":0,"name":"Shaded","section":"Shading Mode"},"sceneLighting":true,"audioPlay":false,"sceneViewState":{"m_AlwaysRefresh":false,"showFog":true,"showSkybox":true,"showFlares":true,"showImageEffects":true,"showParticleSystems":true,"showVisualEffectGraphs":true,"m_FxEnabled":true},"in2DMode":false,"pivot":{"x":-0.2833952009677887,"y":0.8250383138656616,"z":10.265443801879883},"rotation":{"x":-0.00003149682015646249,"y":0.999778151512146,"z":0.020998405292630197,"w":0.0014996692771092058},"size":0.9813713431358337,"orthographic":false}