{"cameraMode":{"drawMode":0,"name":"Shaded","section":"Shading Mode"},"sceneLighting":true,"audioPlay":false,"sceneViewState":{"m_AlwaysRefresh":false,"showFog":true,"showSkybox":true,"showFlares":true,"showImageEffects":true,"showParticleSystems":true,"showVisualEffectGraphs":true,"m_FxEnabled":true},"in2DMode":false,"pivot":{"x":-12.209096908569336,"y":3.3213016986846926,"z":4.852715492248535},"rotation":{"x":-0.026684103533625604,"y":0.9682715535163879,"z":-0.1182267814874649,"w":-0.2185600996017456},"size":15.642824172973633,"orthographic":false}