{"cameraMode":{"drawMode":0,"name":"Shaded","section":"Shading Mode"},"sceneLighting":true,"audioPlay":false,"sceneViewState":{"m_AlwaysRefresh":false,"showFog":true,"showSkybox":true,"showFlares":true,"showImageEffects":true,"showParticleSystems":true,"showVisualEffectGraphs":true,"m_FxEnabled":true},"in2DMode":false,"pivot":{"x":1.4249944686889649,"y":1.4112493991851807,"z":10.588000297546387},"rotation":{"x":0.004971262998878956,"y":0.985729992389679,"z":-0.16565777361392976,"w":0.02958069182932377},"size":3.236873149871826,"orthographic":false}